{
    "RMS": 3.906428319574715,
    "Badpixel": 3.783574450848701,
    "Bumpiness": 1.1812380938490943,
    "FG_Thinning": 0.3217083177918687,
    "FG_Fatting": 1.4730950451667117
}