{
    "RMS": 6.916392018330717,
    "Badpixel": 10.286197916666667,
    "Bumpiness": 2.030255418655695,
    "FG_Thinning": 0.014973968331976718,
    "FG_Fatting": 9.496713827824003
}