{
    "RMS": 1.0713942378577674,
    "Badpixel": 25.174000969279913,
    "Bumpiness": 0.7786814302569229,
    "FG_Thinning": 0,
    "FG_Fatting": 0.0
}