{
    "RMS": 9.29030264746241,
    "Badpixel": 12.265831360518844,
    "Bumpiness": 3.2244149996601448,
    "FG_Thinning": 0.02000088892839682,
    "FG_Fatting": 4.733070127704901
}